City_ID,City,Country,Lat,Lng,Max Temp,Humidity,Cloudiness,Wind Speed,Current Description
0,katsuura,JP,35.1333,140.3,75.11,85,100,11.21,light rain
1,mataura,NZ,-46.1927,168.8643,49.48,82,85,1.14,overcast clouds
2,sao felix do xingu,BR,-6.6447,-51.995,77.86,68,44,3.53,scattered clouds
3,carnarvon,AU,-24.8667,113.6333,59.07,82,55,6.91,broken clouds
4,sioux lookout,CA,50.1001,-91.917,84.58,36,20,6.91,few clouds
5,manta,EC,-0.95,-80.7333,76.78,83,75,12.66,broken clouds
6,butaritari,KI,3.0707,172.7902,82.33,74,68,7.45,light rain
7,jamestown,US,42.097,-79.2353,83.52,47,1,6.91,clear sky
8,vestmanna,FO,62.1564,-7.1664,49.12,100,90,7.61,overcast clouds
9,senneterre,CA,48.3835,-77.2328,64.62,74,95,6.53,overcast clouds
10,port alfred,ZA,-33.5906,26.891,57.67,70,0,13.18,clear sky
11,clyde river,CA,70.4692,-68.5914,32.23,93,90,19.57,mist
12,khorinsk,RU,52.1657,109.7726,67.08,44,89,1.16,overcast clouds
13,sechura,PE,-5.5569,-80.8222,70.52,71,100,15.03,overcast clouds
14,seoul,KR,37.5683,126.9778,71.08,75,75,4.09,mist
15,shu,KZ,43.5983,73.7614,63.77,44,97,8.5,overcast clouds
16,talnakh,RU,69.4865,88.3972,30.97,97,98,3.94,light snow
17,itaporanga,BR,-7.3044,-38.1503,75.15,75,36,9.86,scattered clouds
18,san cristobal,VE,7.7669,-72.225,71.78,99,67,2.89,broken clouds
19,dikson,RU,73.5069,80.5464,30.6,97,100,11.3,light snow
20,ushuaia,AR,-54.8,-68.3,33.46,80,40,5.75,scattered clouds
21,puerto ayora,EC,-0.7393,-90.3518,73.54,89,87,4.0,overcast clouds
22,sambava,MG,-14.2667,50.1667,71.71,92,98,3.6,overcast clouds
23,aklavik,CA,68.2191,-135.0107,41.83,70,75,12.66,broken clouds
24,lebu,CL,-37.6167,-73.65,50.36,77,100,13.62,overcast clouds
25,suwalki,PL,54.1118,22.9309,52.84,91,8,6.55,clear sky
26,ixtapa,MX,20.7,-105.2,84.22,79,21,4.0,few clouds
27,kawalu,ID,-7.3817,108.2082,74.44,88,65,1.77,broken clouds
28,bluff,NZ,-46.6,168.3333,49.8,74,39,5.93,scattered clouds
29,biak,ID,-0.9131,122.8766,80.17,75,40,7.61,scattered clouds
30,clermont,FR,49.5,2.4167,56.16,83,84,5.88,broken clouds
31,russell,US,32.3502,-85.1999,83.48,74,90,4.16,overcast clouds
32,riyadh,SA,24.6877,46.7219,95.05,15,0,0.0,clear sky
33,novska,HR,45.3406,16.9769,64.27,90,45,2.1,scattered clouds
34,castro,BR,-24.7911,-50.0119,58.57,85,12,2.95,few clouds
35,faya,SA,18.3851,42.4509,68.52,56,18,0.56,few clouds
36,atuona,PF,-9.8,-139.0333,79.27,71,18,14.79,few clouds
37,bethel,US,41.3712,-73.414,85.87,72,85,3.89,overcast clouds
38,korla,CN,41.7597,86.1469,72.57,37,70,13.71,broken clouds
39,ilulissat,GL,69.2167,-51.1,46.42,53,9,9.22,clear sky
40,saint-francois,FR,46.4154,3.9054,60.19,96,0,0.0,clear sky
41,tuktoyaktuk,CA,69.4541,-133.0374,39.2,70,20,14.97,few clouds
42,ikongo,MG,-21.8833,47.4333,62.83,98,48,3.29,scattered clouds
43,leningradskiy,RU,69.3833,178.4167,37.02,95,97,12.03,overcast clouds
44,verkh-chebula,RU,56.0308,87.6218,50.72,82,84,13.73,broken clouds
45,pandan,PH,14.0453,124.1694,85.5,71,55,3.27,broken clouds
46,hobart,AU,-42.8794,147.3294,47.26,78,75,1.01,light rain
47,saint-philippe,RE,-21.3585,55.7679,72.95,83,26,3.15,light rain
48,vaini,TO,-21.2,-175.2,77.16,78,40,0.0,scattered clouds
49,arraial do cabo,BR,-22.9661,-42.0278,73.74,86,0,22.55,clear sky
50,rikitea,PF,-23.1203,-134.9692,76.1,80,91,11.39,overcast clouds
51,esmeraldas,BR,-19.7625,-44.3139,67.06,81,49,8.08,scattered clouds
52,valdosta,US,30.8327,-83.2785,87.71,54,1,0.0,clear sky
53,bontang,ID,0.1333,117.5,81.0,79,50,4.16,light rain
54,ahipara,NZ,-35.1667,173.1667,58.75,89,100,16.82,overcast clouds
55,souillac,MU,-20.5167,57.5167,70.18,88,40,3.4,scattered clouds
56,punta arenas,CL,-53.15,-70.9167,35.71,93,0,5.08,clear sky
57,lagoa,PT,39.05,-27.9833,63.05,84,61,5.12,broken clouds
58,faanui,PF,-16.4833,-151.75,80.64,74,39,9.19,scattered clouds
59,norman wells,CA,65.282,-126.8329,53.64,62,75,12.66,light rain
60,arcachon,FR,44.5875,-1.0519,59.41,88,0,6.91,clear sky
61,kaitangata,NZ,-46.2817,169.8464,49.93,74,97,1.99,overcast clouds
62,singkawang,ID,0.9,109.0,77.58,92,78,4.03,light rain
63,shingu,JP,33.7333,135.9833,65.39,97,100,6.58,overcast clouds
64,sabang,ID,5.8933,95.3214,82.71,74,100,16.91,overcast clouds
65,new norfolk,AU,-42.7826,147.0587,46.92,76,92,1.01,light rain
66,port hardy,CA,50.6996,-127.4199,53.78,66,75,11.5,broken clouds
67,yuancheng,CN,36.652,107.7896,72.61,21,49,7.27,scattered clouds
68,zhicheng,CN,30.2956,111.5047,79.77,64,35,0.27,light rain
69,ribeira grande,PT,38.5167,-28.7,64.62,85,74,7.7,broken clouds
70,kapaa,US,22.0752,-159.319,84.18,70,20,4.0,few clouds
71,acapulco,MX,16.8634,-99.8901,86.36,63,96,7.54,overcast clouds
72,matane,CA,48.8286,-67.522,69.22,94,68,5.44,broken clouds
73,chicama,PE,-7.8447,-79.1469,64.94,82,31,7.18,scattered clouds
74,yellowknife,CA,62.456,-114.3525,64.92,45,40,3.0,scattered clouds
75,corning,US,42.1428,-77.0547,75.9,82,3,4.16,clear sky
76,quatre cocos,MU,-20.2078,57.7625,69.91,80,12,3.44,few clouds
77,albany,US,42.6001,-73.9662,79.72,68,28,9.44,scattered clouds
78,beringovskiy,RU,63.05,179.3167,38.68,87,100,3.42,overcast clouds
79,port elizabeth,ZA,-33.918,25.5701,53.89,94,0,5.75,clear sky
80,kargopol,RU,61.5071,38.9456,55.13,73,2,0.74,clear sky
81,hilo,US,19.7297,-155.09,85.28,79,13,3.0,few clouds
82,sibolga,ID,1.7427,98.7792,73.74,69,36,4.68,scattered clouds
83,comodoro rivadavia,AR,-45.8667,-67.5,44.46,61,0,8.05,clear sky
84,ponta do sol,PT,32.6667,-17.1,67.01,76,44,4.79,scattered clouds
85,bredasdorp,ZA,-34.5322,20.0403,47.52,87,0,4.56,clear sky
86,la ronge,CA,55.1001,-105.2842,75.42,38,75,5.75,broken clouds
87,sitka,US,57.0531,-135.33,55.29,71,90,4.61,light rain
88,avarua,CK,-21.2078,-159.775,75.25,73,75,8.05,broken clouds
89,georgetown,MY,5.4112,100.3354,78.89,91,20,2.3,few clouds
90,vardo,NO,70.3705,31.1107,41.11,74,52,12.33,broken clouds
91,chernaya kholunitsa,RU,58.8511,51.7154,50.59,81,56,3.33,broken clouds
92,nieves,PH,15.3274,120.9485,85.51,73,100,3.0,overcast clouds
93,nishihara,JP,26.1842,127.7558,83.86,89,75,18.25,broken clouds
94,cabo san lucas,MX,22.8909,-109.9124,98.82,55,1,13.94,clear sky
95,busselton,AU,-33.65,115.3333,58.08,86,75,9.51,broken clouds
96,east london,ZA,-33.0153,27.9116,57.52,68,1,10.8,clear sky
97,upernavik,GL,72.7868,-56.1549,36.19,87,87,2.04,overcast clouds
98,victoria,HK,22.2855,114.1577,84.96,80,72,1.01,broken clouds
99,upata,VE,8.0086,-62.3989,73.18,95,52,4.72,broken clouds
100,namibe,AO,-15.1961,12.1522,71.56,58,53,3.62,broken clouds
101,mahebourg,MU,-20.4081,57.7,70.09,88,40,6.91,scattered clouds
102,okhotsk,RU,59.3833,143.3,46.92,73,76,2.33,broken clouds
103,mangai,CD,-4.05,19.5333,73.29,58,97,1.3,overcast clouds
104,shelburne,CA,44.0787,-80.2041,82.89,73,100,14.43,overcast clouds
105,phan thiet,VN,10.9333,108.1,81.59,80,100,8.79,overcast clouds
106,port macquarie,AU,-31.4333,152.9167,58.89,54,1,3.22,clear sky
107,bocaiuva,BR,-17.1078,-43.815,71.31,79,48,8.55,scattered clouds
108,kidderminster,GB,52.3882,-2.25,61.43,93,96,3.38,overcast clouds
109,hermanus,ZA,-34.4187,19.2345,60.91,46,1,7.85,clear sky
110,hamilton,US,39.1834,-84.5333,83.17,58,20,3.15,few clouds
111,beisfjord,NO,68.3751,17.5988,52.05,74,15,2.1,few clouds
112,tuatapere,NZ,-46.1333,167.6833,49.82,78,12,1.97,few clouds
113,boa vista,BR,2.8197,-60.6733,82.38,78,20,1.14,few clouds
114,pangnirtung,CA,66.1451,-65.7125,32.81,95,88,2.57,overcast clouds
115,makakilo city,US,21.3469,-158.0858,83.61,55,75,19.93,broken clouds
116,salisbury,GB,51.0693,-1.7957,60.57,88,92,3.06,overcast clouds
117,chuy,UY,-33.6971,-53.4616,56.59,91,100,10.85,overcast clouds
118,grand gaube,MU,-20.0064,57.6608,70.2,73,15,5.21,few clouds
119,walvis bay,NA,-22.9575,14.5053,72.55,20,0,21.27,clear sky
120,bubaque,GW,11.2833,-15.8333,79.77,83,71,6.4,broken clouds
121,amga,RU,60.8953,131.9608,74.61,40,70,5.77,broken clouds
122,sarab,IR,38.6066,44.9883,59.86,43,0,4.76,clear sky
123,beloha,MG,-25.1667,45.05,58.62,80,0,6.13,clear sky
124,thompson,CA,55.7435,-97.8558,55.56,94,90,6.91,overcast clouds
125,nuzvid,IN,16.7833,80.85,82.38,78,21,3.98,few clouds
126,kavieng,PG,-2.5744,150.7967,83.79,71,98,3.27,light rain
127,durban,ZA,-29.8579,31.0292,59.02,88,39,1.99,scattered clouds
128,bathsheba,BB,13.2167,-59.5167,79.41,73,40,17.05,scattered clouds
129,kodiak,US,57.79,-152.4072,62.11,36,1,21.85,clear sky
130,tezu,IN,27.9167,96.1667,72.27,97,99,1.23,overcast clouds
131,mar del plata,AR,-38.0023,-57.5575,51.13,63,0,7.0,clear sky
132,airai,TL,-8.9266,125.4092,64.24,79,88,3.65,overcast clouds
133,qaanaaq,GL,77.484,-69.3632,38.32,77,100,5.82,overcast clouds
134,sinnamary,GF,5.3833,-52.95,78.4,86,54,10.31,broken clouds
135,gamba,GA,-2.65,10.0,76.48,89,84,3.24,broken clouds
136,broome,US,42.2506,-75.833,81.37,83,6,4.12,clear sky
137,isangel,VU,-19.55,169.2667,78.42,73,72,12.62,broken clouds
138,khatanga,RU,71.9667,102.5,34.84,79,96,11.72,overcast clouds
139,lasa,IT,46.6166,10.7002,58.08,97,100,5.1,overcast clouds
140,hovd,MN,48.0056,91.6419,46.26,29,0,6.42,clear sky
141,port blair,IN,11.6667,92.75,84.11,77,100,9.82,moderate rain
142,geraldton,AU,-28.7667,114.6,46.81,87,0,5.32,clear sky
143,kilindoni,TZ,-7.9139,39.6668,79.14,71,44,23.24,light rain
144,kuandian,CN,40.7286,124.7847,64.36,71,86,2.86,overcast clouds
145,ballina,AU,-28.8667,153.5667,61.79,73,9,4.61,clear sky
146,staunton,US,38.1496,-79.0717,85.12,50,1,4.99,clear sky
147,rio gallegos,AR,-51.6226,-69.2181,30.25,86,0,9.22,clear sky
148,hami,CN,42.8,93.45,72.59,31,86,13.96,overcast clouds
149,kargasok,RU,59.0556,80.8572,55.53,64,93,7.63,overcast clouds
150,jatai,BR,-17.8814,-51.7144,68.74,45,26,2.86,scattered clouds
151,arlit,NE,18.7369,7.3853,89.96,16,42,2.86,scattered clouds
152,cape town,ZA,-33.9258,18.4232,61.12,81,5,5.68,clear sky
153,honiara,SB,-9.4333,159.95,85.84,67,83,3.8,broken clouds
154,burlington,US,39.8835,-74.6413,89.82,52,1,1.01,clear sky
155,kuznechnoye,RU,61.12,29.8686,58.68,71,98,2.15,overcast clouds
156,severo-kurilsk,RU,50.6789,156.125,43.34,94,95,14.74,overcast clouds
157,lorengau,PG,-2.0226,147.2712,78.3,90,100,9.15,overcast clouds
158,karabuk,TR,41.2049,32.6277,47.8,86,10,1.36,clear sky
159,bure,ET,10.7,37.0667,59.45,74,82,3.38,broken clouds
160,garden city,US,42.3256,-83.331,86.99,56,37,10.8,scattered clouds
161,havre-saint-pierre,CA,50.2334,-63.5986,52.16,93,90,6.91,mist
162,mpulungu,ZM,-8.7623,31.1141,69.06,74,28,10.69,scattered clouds
163,kahului,US,20.8947,-156.47,83.46,75,9,14.0,clear sky
164,saint george,US,37.1041,-113.5841,104.63,10,1,11.01,clear sky
165,lavrentiya,RU,65.5833,-171.0,35.87,75,91,14.72,overcast clouds
166,masty,BY,53.4122,24.5387,53.85,90,48,5.59,scattered clouds
167,naze,JP,28.3667,129.4833,70.72,94,100,5.79,overcast clouds
168,imbituba,BR,-28.24,-48.6703,69.69,79,54,7.94,broken clouds
169,olafsvik,IS,64.8945,-23.7142,48.7,79,98,8.39,overcast clouds
170,aleksandrov gay,RU,50.147,48.5704,58.05,95,100,5.41,overcast clouds
171,tiznit,MA,29.5833,-9.5,63.36,66,30,1.1,scattered clouds
172,mananara,MG,-16.1667,49.7667,69.69,94,73,2.82,broken clouds
173,avera,US,33.194,-82.5271,80.26,92,98,6.08,overcast clouds
174,macapa,BR,0.0389,-51.0664,78.78,94,75,6.91,broken clouds
175,foumbot,CM,5.5079,10.6356,64.09,99,94,1.39,light rain
176,laguna,US,38.421,-121.4238,99.32,28,75,5.01,broken clouds
177,cidreira,BR,-30.1811,-50.2056,68.97,79,97,11.18,overcast clouds
178,barrow,US,71.2906,-156.7887,37.0,83,48,8.19,scattered clouds
179,mount gambier,AU,-37.8333,140.7667,57.11,100,75,13.8,broken clouds
180,fochville,ZA,-26.4886,27.4939,45.46,43,0,5.64,clear sky
181,san vicente,AR,-26.6167,-54.1333,66.4,62,98,2.91,overcast clouds
182,yerbogachen,RU,61.2767,108.0108,52.54,44,61,3.33,broken clouds
183,mishan,CN,45.55,131.8833,58.53,82,98,6.91,overcast clouds
184,vanavara,RU,60.34,102.2797,50.77,44,66,7.2,broken clouds
185,fairbanks,US,64.8378,-147.7164,74.25,33,1,11.5,clear sky
186,banda aceh,ID,5.5577,95.3222,79.48,80,100,11.07,overcast clouds
187,toora-khem,RU,52.4675,96.11,40.03,94,99,6.96,light rain
188,cochrane,CA,51.1834,-114.4687,59.61,81,90,18.7,overcast clouds
189,saint anthony,US,45.0205,-93.218,96.85,35,40,1.99,scattered clouds
190,wagar,SD,16.1525,36.2032,89.44,29,31,6.44,scattered clouds
191,nador,MA,35.174,-2.9287,66.45,88,0,2.62,clear sky
192,grindavik,IS,63.8424,-22.4338,49.95,93,75,19.69,moderate rain
193,egvekinot,RU,66.3167,-179.1667,38.55,69,21,2.91,few clouds
194,izyum,UA,49.2088,37.2485,55.26,97,98,6.17,overcast clouds
195,constitucion,CL,-35.3333,-72.4167,51.4,65,100,4.85,overcast clouds
196,kyra,RU,49.5776,111.9753,67.48,37,16,4.16,few clouds
197,san quintin,MX,30.4833,-115.95,65.66,67,13,8.99,few clouds
198,pavlodolskaya,RU,43.7192,44.4781,61.38,95,95,3.29,overcast clouds
199,kalmunai,LK,7.4167,81.8167,77.59,84,87,3.24,overcast clouds
200,tiksi,RU,71.6872,128.8694,41.29,62,81,9.13,broken clouds
201,bambous virieux,MU,-20.3428,57.7575,70.05,88,40,3.94,scattered clouds
202,iracoubo,GF,5.4802,-53.2011,77.95,88,31,10.36,scattered clouds
203,xining,CN,36.6167,101.7667,62.13,34,100,3.85,overcast clouds
204,edd,ER,13.9297,41.6925,86.99,71,18,2.28,few clouds
205,shimoda,JP,34.6667,138.95,70.16,93,97,7.74,heavy intensity rain
206,umm lajj,SA,25.0213,37.2685,81.1,56,15,8.43,few clouds
207,osmena,PH,10.5208,119.9258,82.45,75,100,5.1,overcast clouds
208,meulaboh,ID,4.1363,96.1285,74.23,86,91,5.03,overcast clouds
209,brae,GB,60.3964,-1.353,48.11,83,48,6.35,scattered clouds
210,camacha,PT,33.0833,-16.3333,63.54,77,75,11.5,broken clouds
211,koslan,RU,63.4564,48.8989,57.06,72,38,5.28,scattered clouds
212,matagami,CA,49.7502,-77.6328,57.31,67,90,3.51,overcast clouds
213,vao,NC,-22.6667,167.4833,71.31,64,96,20.11,overcast clouds
214,caruaru,BR,-8.2833,-35.9761,67.32,97,29,5.55,scattered clouds
215,elizabeth city,US,36.2946,-76.2511,84.4,79,82,1.99,broken clouds
216,honningsvag,NO,70.9821,25.9704,41.2,82,31,17.34,scattered clouds
217,bengkulu,ID,-3.8004,102.2655,75.33,91,17,3.2,few clouds
218,monterey,US,36.2505,-121.2516,89.06,22,6,11.01,clear sky
219,huarmey,PE,-10.0681,-78.1522,65.3,84,9,9.44,clear sky
220,almaznyy,RU,48.0448,40.045,57.34,96,97,8.48,overcast clouds
221,sao filipe,CV,14.8961,-24.4956,76.32,69,96,11.61,overcast clouds
222,kruisfontein,ZA,-34.0033,24.7314,51.4,33,0,6.89,clear sky
223,guerrero negro,MX,27.9769,-114.0611,70.97,57,39,16.58,scattered clouds
224,puerto escondido,MX,15.85,-97.0667,84.99,70,99,5.66,overcast clouds
225,pisco,PE,-13.7,-76.2167,64.45,82,40,8.05,scattered clouds
226,komsomolskiy,UZ,40.4272,71.7189,80.02,40,66,4.61,broken clouds
227,hasaki,JP,35.7333,140.8333,72.28,73,100,4.0,overcast clouds
228,whitehorse,CA,60.7161,-135.0538,63.37,31,75,14.97,light rain
229,maltahohe,NA,-24.8333,16.9833,49.82,47,0,13.96,clear sky
230,san patricio,US,28.017,-97.5169,86.68,70,63,9.93,broken clouds
231,smithers,CA,54.7804,-127.1743,55.72,38,75,2.3,broken clouds
232,snezhnogorsk,RU,69.1933,33.2531,31.78,76,48,3.6,scattered clouds
233,adjumani,UG,3.3779,31.7909,65.52,96,93,1.61,light rain
234,haines junction,CA,60.7522,-137.5108,58.95,41,77,14.97,light rain
235,kendari,ID,-3.945,122.4989,79.83,79,48,2.46,scattered clouds
236,conde,BR,-7.2597,-34.9075,76.46,88,40,8.28,scattered clouds
237,pevek,RU,69.7008,170.3133,45.25,76,86,10.67,overcast clouds
238,sosnovoborsk,RU,56.1325,93.3589,49.55,77,78,8.9,broken clouds
239,sinazongwe,ZM,-17.2614,27.4618,57.65,58,17,1.61,few clouds
240,salta,AR,-24.7859,-65.4117,64.69,74,75,4.0,broken clouds
241,tasiilaq,GL,65.6145,-37.6368,36.82,98,100,5.21,light rain
242,santo tomas,PH,14.1079,121.1414,85.57,81,98,5.55,overcast clouds
243,naranjal,EC,-2.6667,-79.6167,80.53,88,77,3.24,broken clouds
244,lata,PT,40.1629,-8.3327,59.81,93,2,1.32,clear sky
245,srednekolymsk,RU,67.45,153.6833,67.35,29,2,21.47,clear sky
246,maniitsoq,GL,65.4167,-52.9,39.34,94,100,11.36,light rain
247,sakakah,SA,29.9697,40.2064,81.97,17,0,4.5,clear sky
248,vestmannaeyjar,IS,63.4427,-20.2734,46.47,92,99,17.67,overcast clouds
249,provideniya,RU,64.3833,-173.3,40.68,66,70,6.44,broken clouds
250,altay,CN,47.8667,88.1167,47.25,61,0,1.43,clear sky
251,sibu,MY,2.3,111.8167,77.31,94,40,1.23,scattered clouds
252,coquimbo,CL,-29.9533,-71.3436,56.93,88,90,1.36,overcast clouds
253,neyshabur,IR,36.2133,58.7958,79.75,26,0,1.81,clear sky
254,harrisonburg,US,38.4496,-78.8689,84.61,37,14,3.49,few clouds
255,daru,PG,-9.0763,143.2092,77.97,89,100,15.17,overcast clouds
256,kabompo,ZM,-13.5927,24.2008,58.12,54,71,10.4,broken clouds
257,alice springs,AU,-23.7,133.8833,51.35,62,0,9.69,clear sky
258,bangonay,PH,9.3144,125.5539,82.98,73,6,2.89,clear sky
259,uddevalla,SE,58.3478,11.9424,57.06,89,97,1.48,overcast clouds
260,vostok,RU,46.4856,135.8833,52.16,92,100,1.63,light rain
261,san jose,US,37.3394,-121.895,90.09,41,1,4.0,clear sky
262,pangody,RU,65.85,74.4859,40.26,69,47,6.6,scattered clouds
263,ketchikan,US,55.3422,-131.6461,50.47,93,90,13.8,moderate rain
264,henties bay,NA,-22.116,14.2845,75.24,26,0,24.0,clear sky
265,husavik,IS,66.0449,-17.3389,51.71,92,93,2.24,overcast clouds
266,torbay,CA,47.6666,-52.7314,52.29,98,90,11.5,fog
267,abu samrah,SY,35.3029,37.1841,65.21,58,0,6.55,clear sky
268,lompoc,US,34.6391,-120.4579,74.57,79,40,13.0,scattered clouds
269,mehamn,NO,71.0357,27.8492,40.32,85,39,16.33,scattered clouds
270,nauta,PE,-4.5061,-73.5757,74.12,97,92,1.34,overcast clouds
271,chokurdakh,RU,70.6333,147.9167,52.41,64,65,21.03,broken clouds
272,makinsk,KZ,52.6292,70.4169,38.91,54,9,2.26,clear sky
273,port lincoln,AU,-34.7333,135.8667,59.31,81,58,15.35,broken clouds
274,sogne,NO,58.0833,7.8167,61.7,40,97,2.57,light rain
275,xianshuigu,CN,38.985,117.3828,78.8,36,0,4.85,clear sky
276,nioro,GM,13.35,-15.75,80.35,66,46,10.07,scattered clouds
277,hobyo,SO,5.3505,48.5268,77.92,83,61,17.9,broken clouds
278,cayenne,GF,4.9333,-52.3333,77.04,88,75,1.01,broken clouds
279,bend,US,44.0582,-121.3153,65.08,36,1,3.0,clear sky
280,nouadhibou,MR,20.931,-17.0347,69.78,68,85,19.57,dust
281,itoman,JP,26.1247,127.6694,84.58,83,75,16.11,moderate rain
282,rassvet,RU,46.8333,40.75,58.87,98,90,13.42,overcast clouds
283,ust-omchug,RU,61.15,149.6333,46.8,67,96,6.11,overcast clouds
284,asosa,ET,10.0667,34.5333,62.42,82,90,4.21,overcast clouds
285,ati,TD,13.2154,18.3353,92.62,27,94,6.29,overcast clouds
286,rozivka,UA,46.9385,35.7724,55.72,86,51,5.73,broken clouds
287,taree,AU,-31.9,152.4667,54.1,76,1,8.05,clear sky
288,sao jose da coroa grande,BR,-8.8978,-35.1478,76.05,86,6,10.89,clear sky
289,helong,CN,42.5397,128.9972,62.53,56,15,9.42,few clouds
290,santos dumont,BR,-21.4567,-43.5525,63.57,95,9,1.34,clear sky
291,sept-iles,CA,50.2001,-66.3821,61.32,74,75,5.99,broken clouds
292,cajuru,BR,-21.2753,-47.3042,70.77,44,65,4.41,broken clouds
293,bom jardim,BR,-7.7958,-35.5872,73.74,97,16,4.63,few clouds
294,chiredzi,ZW,-21.05,31.6667,51.87,88,45,2.66,scattered clouds
295,mae hong son,TH,19.3003,97.9685,76.32,96,100,1.12,overcast clouds
296,ayagoz,KZ,47.9714,80.4392,45.0,63,0,9.31,clear sky
297,sandpoint,US,48.2766,-116.5533,68.61,48,40,1.99,scattered clouds
298,cherskiy,RU,68.75,161.3,69.1,28,77,22.24,broken clouds
299,pierre,US,44.3683,-100.351,100.99,100,3,17.0,clear sky
300,aras,ES,42.5617,-2.356,54.03,88,0,5.46,clear sky
301,caravelas,BR,-17.7125,-39.2481,73.0,90,3,6.46,clear sky
302,danane,CI,7.2596,-8.155,72.14,99,99,2.06,light rain
303,fort myers beach,US,26.452,-81.9481,84.02,82,90,1.01,overcast clouds
304,belaya gora,RU,68.5333,146.4167,77.02,27,60,15.01,broken clouds
305,atambua,ID,-9.1061,124.8925,77.04,73,80,4.07,broken clouds
306,mont-joli,CA,48.5839,-68.1921,68.99,100,75,10.36,broken clouds
307,veraval,IN,20.9,70.3667,84.09,67,7,6.89,clear sky
308,meiganga,CM,6.5167,14.3,65.43,97,99,2.55,overcast clouds
309,richards bay,ZA,-28.783,32.0377,61.25,82,95,3.09,overcast clouds
310,dragoman,BG,42.9189,22.9317,56.37,78,9,0.78,clear sky
311,deputatskiy,RU,69.3,139.9,33.82,75,100,14.14,overcast clouds
312,viedma,AR,-40.8135,-62.9967,47.46,52,4,9.57,clear sky
313,vegueta,PE,-11.0231,-77.6431,64.38,83,11,10.47,few clouds
314,mandiana,GN,10.6333,-8.6833,79.02,69,67,6.51,broken clouds
315,stepnyak,KZ,52.8339,70.7803,49.55,51,11,4.29,few clouds
316,coolum beach,AU,-26.5333,153.1,66.34,64,0,6.96,clear sky
317,luderitz,NA,-26.6481,15.1594,70.11,31,0,16.58,clear sky
318,lebyazhye,RU,55.2689,66.4947,50.83,63,4,5.59,clear sky
319,grand forks,US,47.9417,-97.4337,98.53,22,40,8.05,scattered clouds
320,nelson bay,AU,-32.7167,152.15,57.0,63,1,3.0,clear sky
321,rawson,AR,-43.3002,-65.1023,46.18,54,0,12.64,clear sky
322,labuhan,ID,-6.8844,112.2051,79.25,81,13,6.33,few clouds
323,kharp,RU,66.8014,65.8081,38.44,65,35,10.16,scattered clouds
324,saskylakh,RU,71.9167,114.0833,38.93,71,100,5.46,overcast clouds
325,ouadda,CF,8.0777,22.4007,65.5,96,91,2.37,light rain
326,placerville,US,38.7296,-120.7986,94.41,19,1,1.99,clear sky
327,nikolskoye,RU,59.7035,30.7861,55.4,61,60,4.03,broken clouds
328,grants pass,US,42.439,-123.3284,77.34,34,1,11.01,clear sky
329,ramgarh,IN,23.6333,85.5167,86.05,60,25,5.32,scattered clouds
330,san-pedro,CI,4.7485,-6.6363,78.28,89,97,6.15,overcast clouds
331,vasterhaninge,SE,59.1167,18.1,55.62,90,3,1.39,clear sky
332,ibipeba,BR,-11.6408,-42.0111,67.35,71,80,5.55,broken clouds
333,manaus,BR,-3.1019,-60.025,79.3,89,20,3.44,few clouds
334,cabra,ES,37.4725,-4.4421,60.91,75,34,3.09,scattered clouds
335,simplicio mendes,BR,-7.8539,-41.9103,78.12,54,4,7.72,clear sky
336,ulladulla,AU,-35.35,150.4667,57.87,49,6,1.68,clear sky
337,baykit,RU,61.67,96.37,42.03,79,95,12.28,light rain
338,jutai,BR,-5.1833,-68.9,73.96,96,93,2.1,overcast clouds
339,college,US,64.8569,-147.8028,74.59,37,65,1.01,broken clouds
340,lima,PE,-12.0432,-77.0282,63.14,88,90,1.99,overcast clouds
341,kribi,CM,2.95,9.9167,75.97,89,98,2.42,moderate rain
342,kunya,NG,12.2233,8.5325,86.16,54,0,14.23,clear sky
343,odate,JP,40.2686,140.5683,75.24,77,75,10.98,broken clouds
344,ust-nera,RU,64.5667,143.2,73.94,35,28,8.93,scattered clouds
345,mazagao,BR,-0.115,-51.2894,78.85,92,11,4.18,few clouds
346,merauke,ID,-8.4667,140.3333,80.4,78,76,11.23,broken clouds
347,mettmann,DE,51.25,6.9667,61.16,94,75,6.69,light intensity drizzle
348,te anau,NZ,-45.4167,167.7167,45.88,83,30,0.72,scattered clouds
349,antipovka,RU,49.8299,45.3122,55.36,94,94,5.7,light rain
350,atar,MR,20.5169,-13.0499,90.19,17,45,15.32,scattered clouds
351,wilmington,US,34.2257,-77.9447,78.98,83,99,4.0,overcast clouds
352,visby,SE,57.6409,18.296,61.02,63,2,10.36,clear sky
353,naberera,TZ,-4.2,36.9333,58.14,90,89,10.67,overcast clouds
354,haverfordwest,GB,51.8017,-4.9691,58.55,94,100,3.24,overcast clouds
355,namatanai,PG,-3.6667,152.4333,84.43,72,34,4.97,scattered clouds
356,wuwei,CN,37.9281,102.6414,71.17,35,100,2.21,overcast clouds
357,santander,ES,43.4647,-3.8044,59.47,92,58,1.01,broken clouds
358,rio grande,BR,-32.035,-52.0986,59.95,95,100,8.88,moderate rain
359,amarwara,IN,22.3,79.1667,74.61,72,44,6.82,scattered clouds
360,hambantota,LK,6.1241,81.1185,78.28,86,55,12.71,broken clouds
361,taoudenni,ML,22.6783,-3.9836,101.7,7,81,7.47,broken clouds
362,bugasong,PH,11.0439,122.0659,79.3,85,97,0.45,overcast clouds
363,morag,PL,53.9171,19.926,53.65,79,0,3.4,clear sky
364,tempio pausania,IT,40.8974,9.1035,67.8,81,90,3.18,overcast clouds
365,koungou,YT,-12.7336,45.2042,78.51,78,75,20.6,broken clouds
366,cururupu,BR,-1.8283,-44.8683,75.51,90,10,3.47,clear sky
367,adrar,MR,20.5022,-10.0711,90.46,14,9,23.11,clear sky
368,klaksvik,FO,62.2266,-6.589,50.92,99,94,12.1,overcast clouds
369,ostrovnoy,RU,68.0531,39.5131,39.76,82,31,11.79,scattered clouds
370,riohacha,CO,11.5444,-72.9072,83.7,68,96,15.12,overcast clouds
371,dalbandin,PK,28.8947,64.4101,82.04,58,0,4.18,clear sky
372,japura,ID,-0.3167,102.35,75.7,90,46,1.61,scattered clouds
373,thayetmyo,MM,19.3167,95.1833,82.58,72,100,5.35,overcast clouds
374,paithan,IN,19.4833,75.3833,77.32,76,97,4.74,overcast clouds
375,vallenar,CL,-28.5708,-70.7581,60.17,73,0,2.26,clear sky
376,palmas,BR,-10.2128,-48.3603,82.27,61,75,5.75,broken clouds
377,williston,US,48.147,-103.618,93.04,21,11,3.0,few clouds
378,fortuna,US,40.5982,-124.1573,72.19,65,20,8.99,few clouds
379,julich,DE,50.9333,6.3667,59.68,84,100,1.99,overcast clouds
380,nijar,ES,36.9665,-2.206,63.64,94,0,6.35,clear sky
381,uni,RU,57.7535,51.4923,49.23,78,30,3.22,scattered clouds
382,manggar,ID,-2.8833,108.2667,82.56,77,72,6.87,broken clouds
383,alofi,NU,-19.0595,-169.9187,78.69,61,69,13.8,broken clouds
384,diego de almagro,CL,-26.3667,-70.05,57.34,64,0,0.96,clear sky
385,karratha,AU,-20.7377,116.8463,72.93,68,78,13.44,broken clouds
386,kandrian,PG,-6.2167,149.55,82.71,79,46,8.23,moderate rain
387,misratah,LY,32.3754,15.0925,70.32,67,12,10.07,few clouds
388,camocim,BR,-2.9022,-40.8411,76.86,84,3,7.27,clear sky
389,sisimiut,GL,66.9395,-53.6735,40.03,92,100,1.54,light rain
390,baramula,IN,34.2,74.35,59.07,84,11,1.36,few clouds
391,darhan,MN,49.4867,105.9228,70.77,51,87,7.0,overcast clouds
392,hvide sande,DK,56.0045,8.1294,62.2,95,99,4.68,light rain
393,manavalakurichi,IN,8.1333,77.3,77.09,86,100,9.1,overcast clouds
394,grand bank,CA,47.0999,-55.765,51.98,98,85,9.48,overcast clouds
395,iqaluit,CA,63.7506,-68.5145,31.73,93,90,8.99,light snow
396,balabac,PH,7.9868,117.0645,84.15,74,100,1.79,overcast clouds
397,maceio,BR,-9.6658,-35.7353,76.44,88,75,10.94,broken clouds
398,jalu,LY,29.0331,21.5482,73.2,35,0,6.76,clear sky
399,todos santos,MX,23.45,-110.2167,98.31,62,1,5.28,clear sky
400,bhag,PK,29.0415,67.8239,91.33,37,55,3.38,broken clouds
401,ancud,CL,-41.8697,-73.8203,46.22,75,61,3.31,broken clouds
402,saint-augustin,CA,51.226,-58.6502,48.04,97,100,13.58,overcast clouds
403,hue,VN,16.4667,107.6,82.51,74,20,4.12,few clouds
404,wukari,NG,7.85,9.7833,74.14,90,95,6.11,overcast clouds
405,zeya,RU,53.75,127.2667,64.38,40,1,3.56,clear sky
406,bunia,CD,1.5667,30.25,63.73,89,66,2.95,broken clouds
407,gillette,US,44.2911,-105.5022,93.24,12,1,14.97,clear sky
408,yanam,IN,16.7333,82.2167,79.79,89,38,2.42,scattered clouds
409,buchanan,LR,5.8808,-10.0467,78.76,85,74,6.33,broken clouds
410,sajanan,TN,37.0573,9.2426,75.47,87,85,6.62,overcast clouds
411,poso,ID,-1.3959,120.7524,81.75,75,38,4.03,scattered clouds
412,ridgecrest,US,35.6225,-117.6709,104.02,6,1,14.0,clear sky
413,mahibadhoo,MV,3.7833,72.9667,83.41,71,99,16.42,overcast clouds
414,panama city,PA,8.9936,-79.5197,84.06,84,40,5.75,scattered clouds
415,catuday,PH,16.2923,119.8062,82.2,74,100,11.23,overcast clouds
416,sergeyevka,KZ,53.88,67.4158,50.13,61,6,5.46,clear sky
417,yar-sale,RU,66.8333,70.8333,39.33,70,35,11.59,scattered clouds
418,saldanha,ZA,-33.0117,17.9442,51.85,35,6,11.32,clear sky
419,kamsack,CA,51.5667,-101.9009,86.45,49,87,9.89,overcast clouds
420,bac lieu,VN,9.285,105.7244,82.87,80,100,10.78,overcast clouds
421,general roca,AR,-39.0333,-67.5833,46.8,43,58,4.03,broken clouds
422,kurilsk,RU,45.2333,147.8833,57.87,61,2,6.02,clear sky
423,zyryanka,RU,65.75,150.85,64.99,35,60,30.44,broken clouds
424,lusambo,CD,-4.9667,23.45,78.35,53,88,0.38,overcast clouds
425,cimitarra,CO,6.3142,-73.9497,79.61,81,59,3.15,broken clouds
426,mushie,CD,-3.0167,16.9,75.04,59,38,3.62,scattered clouds
427,kihei,US,20.785,-156.4656,83.46,75,15,10.2,few clouds
428,doha,QA,25.2867,51.5333,94.98,38,0,9.22,clear sky
429,fort-shevchenko,KZ,44.5086,50.263,68.88,80,100,20.65,overcast clouds
430,vanimo,PG,-2.6741,141.3028,83.23,69,54,2.86,broken clouds
431,longyearbyen,SJ,78.2186,15.6401,33.64,75,75,12.66,broken clouds
432,tatawin,TN,32.9297,10.4518,73.92,46,93,2.66,overcast clouds
433,along,IN,28.1667,94.7667,70.63,98,100,1.81,overcast clouds
434,padang,ID,-0.9492,100.3543,77.23,75,37,3.02,scattered clouds
435,adoni,IN,15.6333,77.2833,77.41,78,100,7.36,overcast clouds
436,onega,RU,63.9061,38.1404,56.34,61,100,5.37,overcast clouds
437,panzhihua,CN,26.5851,101.7128,69.93,82,100,2.84,overcast clouds
438,mayo,US,38.8876,-76.5119,90.01,51,1,9.4,clear sky
439,rumoi,JP,43.9344,141.6428,67.64,58,0,5.91,clear sky
440,vilhena,BR,-12.7406,-60.1458,71.82,88,0,4.61,clear sky
441,jacareacanga,BR,-6.2222,-57.7528,78.84,72,84,2.01,broken clouds
442,borinskoye,RU,52.4569,39.3713,53.85,98,97,11.18,moderate rain
443,nanortalik,GL,60.1432,-45.2371,41.22,80,100,6.24,overcast clouds
444,urengoy,RU,65.9667,78.3667,37.72,72,11,12.59,few clouds
445,vung tau,VN,10.346,107.0843,82.49,83,100,12.37,overcast clouds
446,berlevag,NO,70.8578,29.0864,40.51,84,47,15.64,scattered clouds
447,praia da vitoria,PT,38.7333,-27.0667,64.76,88,40,1.79,scattered clouds
448,bayir,TR,37.2687,28.2167,59.52,51,0,5.19,clear sky
449,urumqi,CN,43.801,87.6005,52.75,67,40,6.69,scattered clouds
450,touros,BR,-5.1989,-35.4608,77.9,79,20,13.29,few clouds
451,shakiso,ET,5.75,38.9167,58.46,96,98,2.17,overcast clouds
452,lauria,IT,40.0465,15.8358,61.16,67,67,2.82,broken clouds
453,sheksna,RU,59.21,38.5107,53.96,70,7,1.74,clear sky
454,aykhal,RU,66.0,111.5,44.47,46,11,15.5,few clouds
455,oistins,BB,13.0667,-59.5333,78.89,73,40,18.41,scattered clouds
456,puri,IN,19.8,85.85,87.39,85,76,21.99,broken clouds
457,porbandar,IN,21.6422,69.6093,84.33,69,10,7.38,clear sky
458,ewa beach,US,21.3156,-158.0072,83.98,56,10,17.0,clear sky
459,nemuro,JP,43.3236,145.575,70.23,81,78,16.46,broken clouds
460,tome,CL,-36.6167,-72.95,48.81,69,100,3.44,overcast clouds
461,vila velha,BR,-20.3297,-40.2925,71.55,95,90,8.99,overcast clouds
462,sobradinho,BR,-12.8333,-39.1,68.43,98,28,3.87,scattered clouds
463,kamenka,RU,51.3223,42.7678,53.19,98,100,8.7,overcast clouds
464,yala,TH,6.3333,101.25,75.63,93,100,2.8,overcast clouds
465,zholymbet,KZ,51.7433,71.7122,49.17,49,16,2.82,few clouds
466,muriwai beach,NZ,-36.8167,174.45,59.56,93,100,12.5,moderate rain
467,hithadhoo,MV,-0.6,73.0833,82.33,74,100,13.06,overcast clouds
468,stokmarknes,NO,68.5646,14.9108,50.49,80,26,5.28,scattered clouds
469,zhangjiakou,CN,40.81,114.8794,69.8,31,46,4.85,scattered clouds
470,paita,PE,-5.0892,-81.1144,70.36,82,98,16.37,overcast clouds
471,inhambane,MZ,-23.865,35.3833,64.24,79,50,8.37,scattered clouds
472,florianopolis,BR,-27.6146,-48.5012,69.42,96,0,13.8,clear sky
473,igarka,RU,67.4667,86.5833,31.8,87,64,13.87,broken clouds
474,olinda,BR,-8.0089,-34.8553,73.13,88,75,11.52,broken clouds
475,villazon,BO,-22.0866,-65.5942,47.8,22,62,5.59,broken clouds
476,kulhudhuffushi,MV,6.6221,73.07,82.6,77,100,14.41,overcast clouds
477,bonthe,SL,7.5264,-12.505,80.87,79,95,5.17,light rain
478,oeiras,BR,-7.0253,-42.1311,81.01,48,2,10.02,clear sky
479,cleveland,US,41.4995,-81.6954,83.21,41,20,8.3,few clouds
480,bulanash,RU,57.2783,61.9965,51.71,68,7,5.39,clear sky
481,duisburg,DE,51.4333,6.75,62.28,94,75,5.99,light intensity drizzle
482,truckee,US,39.328,-120.1833,86.63,23,1,11.5,clear sky
483,santa marta,CO,11.2408,-74.199,91.45,58,75,14.47,broken clouds
484,buraydah,SA,26.326,43.975,91.85,12,66,11.27,broken clouds
485,curaca,BR,-8.9903,-39.9094,73.62,77,77,15.41,broken clouds
486,balykshi,KZ,47.0667,51.8667,69.8,46,75,13.42,broken clouds
487,port hedland,AU,-20.3167,118.5667,69.85,43,75,12.66,broken clouds
488,lubu,CN,23.1742,112.2809,80.87,70,0,2.04,clear sky
489,bhinga,IN,27.7167,81.9333,83.44,38,22,3.89,few clouds
490,malatya,TR,38.5,38.0,55.45,44,0,8.61,clear sky
491,smila,UA,49.2224,31.8871,52.02,89,23,4.94,few clouds
492,evensk,RU,61.95,159.2333,44.46,94,100,7.02,overcast clouds
493,omboue,GA,-1.5746,9.2618,76.69,90,100,3.87,overcast clouds
494,codrington,AU,-38.2667,141.9667,56.55,89,100,14.74,overcast clouds
495,poum,NC,-20.2333,164.0167,73.18,61,100,25.3,overcast clouds
496,puerto colombia,CO,10.9878,-74.9547,84.29,88,20,17.9,few clouds
497,santa luzia,BR,-19.7697,-43.8514,67.1,72,0,4.97,clear sky
498,kalavad,IN,22.2167,70.3833,88.57,63,0,8.46,clear sky
499,darnah,LY,32.767,22.6367,68.86,71,1,14.23,clear sky
500,zhanaozen,KZ,43.3,52.8,73.18,56,85,17.74,overcast clouds
501,mrakovo,RU,52.7161,56.6244,49.87,51,88,5.57,overcast clouds
502,neiafu,TO,-18.65,-173.9833,79.48,69,40,10.36,scattered clouds
503,tsumeb,NA,-19.2333,17.7167,44.15,40,0,14.16,clear sky
504,svetlaya,RU,46.5389,138.3297,53.46,78,85,12.86,overcast clouds
505,arinos,BR,-15.9169,-46.1056,75.34,50,87,2.48,overcast clouds
506,uthal,PK,25.8072,66.6219,82.92,75,46,4.65,scattered clouds
507,verkhnevilyuysk,RU,63.4453,120.3167,53.51,61,100,1.92,overcast clouds
508,morar,IN,26.2261,78.2261,85.69,50,32,7.07,scattered clouds
509,dingle,PH,10.9995,122.6711,80.56,82,99,6.67,light rain
510,pouebo,NC,-20.4,164.5667,74.98,51,99,10.6,overcast clouds
511,skibbereen,IE,51.55,-9.2667,55.2,89,9,4.47,clear sky
512,farafangana,MG,-22.8167,47.8333,67.64,85,37,13.49,light rain
513,qasigiannguit,GL,68.8193,-51.1922,38.17,82,32,5.95,scattered clouds
514,suntar,RU,62.1444,117.6319,50.5,84,100,4.14,light rain
515,coihaique,CL,-45.5752,-72.0662,40.95,75,75,4.61,broken clouds
516,oxelosund,SE,58.6706,17.1015,55.78,76,0,6.69,clear sky
517,bossangoa,CF,6.4926,17.4552,71.73,85,89,1.41,overcast clouds
518,horodnytsya,UA,50.807,27.3168,52.79,90,85,3.67,overcast clouds
519,zacualpan,MX,21.25,-105.1667,84.7,63,12,6.4,few clouds
520,analipsis,GR,35.3167,25.5667,69.42,59,14,11.81,few clouds
521,kavaratti,IN,10.5669,72.642,82.6,77,100,14.54,overcast clouds
522,tautira,PF,-17.7333,-149.15,84.22,82,49,15.28,scattered clouds
523,waddan,LY,29.1614,16.139,72.34,30,12,9.04,few clouds
524,naushki,RU,50.3828,106.1056,70.27,53,92,2.48,overcast clouds
525,chulman,RU,56.8479,124.9104,67.51,47,66,5.1,broken clouds
526,chilca,PE,-12.5211,-76.7372,64.85,86,31,6.71,scattered clouds
527,jibuti,DJ,11.5,42.5,80.13,61,5,6.11,clear sky
528,ninghai,CN,29.2892,121.4247,69.73,77,2,1.88,clear sky
529,axim,GH,4.8699,-2.2405,79.34,82,72,7.0,broken clouds
530,korem,ET,12.5058,39.5228,58.17,38,64,3.29,broken clouds
531,half moon bay,US,37.4636,-122.4286,88.57,68,78,9.22,broken clouds
532,carquefou,FR,47.2982,-1.4902,57.07,87,0,5.61,clear sky
533,palmer,US,42.1584,-72.3287,83.82,55,88,8.05,overcast clouds
534,taitung,TW,22.7583,121.1444,75.47,100,90,2.3,moderate rain
535,maracana,BR,-0.7667,-47.45,73.89,95,39,2.57,scattered clouds
536,caete,BR,-19.88,-43.6697,59.49,93,29,3.4,scattered clouds
537,sao joao da barra,BR,-21.6403,-41.0511,73.26,87,0,9.71,clear sky
538,ola,RU,59.5833,151.2833,42.46,89,100,18.19,overcast clouds
539,conceicao do araguaia,BR,-8.2578,-49.2647,79.86,59,85,1.21,overcast clouds
540,nagapattinam,IN,10.7667,79.8333,80.87,81,100,7.9,overcast clouds
541,guerrero,MX,17.6667,-100.0,75.49,75,98,3.09,overcast clouds
542,kungurtug,RU,50.5994,97.5228,39.92,82,99,5.73,overcast clouds
543,buin,CL,-33.7333,-70.75,62.74,57,100,2.77,overcast clouds
544,dentsville,US,34.064,-80.9582,77.61,84,88,8.77,overcast clouds
545,dhidhdhoo,MV,6.8833,73.1,82.54,77,100,14.52,overcast clouds
546,bretcu,RO,46.05,26.3,55.71,96,96,4.45,overcast clouds
547,narsaq,GL,60.9167,-46.05,48.42,75,100,7.0,overcast clouds
548,arkhangelskoye,RU,55.8549,35.3287,51.62,95,52,3.78,broken clouds
549,ginir,ET,7.1333,40.7,56.61,85,41,5.3,scattered clouds
550,oxford,GB,51.7522,-1.256,61.45,87,96,4.18,overcast clouds
551,gazli,UZ,40.1333,63.45,87.17,21,0,5.95,clear sky
552,sur,OM,22.5667,59.5289,86.76,61,1,5.41,clear sky
553,sorland,NO,67.667,12.6934,50.27,85,11,9.1,few clouds
554,yulara,AU,-25.2406,130.9889,46.24,76,0,5.75,clear sky
555,martapura,ID,-3.4167,114.85,77.09,94,20,1.43,few clouds
556,kashan,IR,33.9831,51.4364,88.14,14,0,1.95,clear sky
557,pemba,MZ,-12.974,40.5178,70.25,76,48,18.84,scattered clouds
558,soyo,AO,-6.1349,12.3689,76.37,90,90,6.98,overcast clouds
559,nagarote,NI,12.2659,-86.5647,87.37,55,58,5.88,broken clouds
560,vila franca do campo,PT,37.7167,-25.4333,61.21,86,38,0.96,scattered clouds
561,kaduy,RU,59.2,37.15,53.53,72,6,1.88,clear sky
562,roald,NO,62.5833,6.1333,62.17,94,75,6.91,broken clouds
563,bumba,CD,2.1833,22.4667,69.94,98,96,0.81,light rain
564,otradnoye,RU,59.7775,30.8181,55.56,61,54,3.91,broken clouds
565,saint-raphael,HT,19.4333,-72.2,74.62,85,47,2.89,scattered clouds
566,salinas,US,36.6777,-121.6555,82.56,65,13,8.77,few clouds
567,muros,ES,42.7762,-9.0603,57.99,86,2,8.9,clear sky
568,severomorsk,RU,69.0689,33.4162,32.4,76,47,3.29,scattered clouds
569,balgazyn,RU,51.0,95.2,46.76,50,70,12.8,broken clouds
570,fuling,CN,29.7022,107.3919,74.75,65,100,1.83,overcast clouds
571,batemans bay,AU,-35.7167,150.1833,57.9,49,5,2.35,clear sky
572,iralaya,HN,15.0,-83.2333,81.39,78,32,10.33,scattered clouds
573,terme,TR,41.2092,36.9739,62.96,84,35,5.59,scattered clouds
574,maraa,BR,-1.8333,-65.3667,75.43,92,70,2.15,broken clouds
575,sorong,ID,-0.8833,131.25,78.78,86,100,13.76,overcast clouds
576,nieuw amsterdam,SR,5.8833,-55.0833,79.14,89,20,9.95,few clouds
577,pacific grove,US,36.6177,-121.9166,82.15,77,1,5.99,clear sky
578,parabel,RU,58.6978,81.4825,54.97,64,99,8.41,overcast clouds
579,mount isa,AU,-20.7333,139.5,65.97,37,73,16.11,broken clouds
580,prado,BR,-17.3411,-39.2208,72.99,90,21,7.87,few clouds
581,dakar,SN,14.6937,-17.4441,79.68,82,10,7.4,clear sky
582,esperance,AU,-33.8667,121.9,51.64,62,70,16.28,broken clouds
583,aguimes,ES,27.9054,-15.4461,65.03,68,20,21.85,few clouds
584,billings,US,45.7833,-108.5007,84.92,51,57,11.25,broken clouds
585,pahrump,US,36.2083,-115.9839,105.26,7,0,5.01,clear sky
586,council bluffs,US,41.2619,-95.8608,92.5,32,1,16.11,clear sky
587,lanxi,CN,29.2195,119.477,72.84,78,28,1.45,scattered clouds
588,hirara,JP,24.8,125.2833,82.44,83,100,23.42,overcast clouds
589,dunedin,NZ,-45.8742,170.5036,54.81,57,100,1.01,light rain
590,biltine,TD,14.5333,20.9167,90.81,13,80,12.06,broken clouds
591,copiapo,CL,-27.3667,-70.3333,61.3,74,0,1.3,clear sky
592,syedove,UA,47.0768,38.156,60.01,75,95,9.84,overcast clouds
593,san pedro del pinatar,ES,37.8357,-0.791,66.11,82,40,1.99,scattered clouds
594,wanning,CN,18.8003,110.3967,80.85,84,95,2.42,overcast clouds
595,atlantic city,US,39.3643,-74.4229,84.38,70,52,11.39,broken clouds
596,blairmore,CA,49.6,-114.4353,57.92,34,10,23.06,clear sky
597,le vauclin,MQ,14.5452,-60.8388,77.85,88,90,16.46,overcast clouds
598,kismayo,SO,-0.3582,42.5454,78.17,81,56,15.41,broken clouds
599,redlands,US,34.0556,-117.1825,95.45,28,69,1.01,broken clouds
600,hofn,IS,64.2539,-15.2082,46.71,89,100,8.55,overcast clouds
601,barth,DE,54.3635,12.7249,59.11,73,55,8.9,broken clouds
602,beyneu,KZ,45.3167,55.2,74.05,31,93,16.91,overcast clouds
603,myski,RU,53.709,87.8014,45.48,96,95,6.15,overcast clouds
604,newcastle,AU,-32.9272,151.7765,56.71,57,1,3.0,clear sky
605,bom jesus,BR,-9.0744,-44.3586,75.51,48,45,3.96,scattered clouds
606,bucerias,MX,20.75,-105.3333,84.97,79,15,7.45,few clouds
607,portland,US,45.5234,-122.6762,66.97,53,88,3.0,overcast clouds
608,leticia,CO,-4.2153,-69.9406,74.01,97,95,1.59,overcast clouds
609,kitsuki,JP,33.4167,131.6167,64.06,67,100,0.94,overcast clouds
610,bandarbeyla,SO,9.4942,50.8122,79.79,79,25,18.86,scattered clouds
611,dudinka,RU,69.4058,86.1778,31.82,95,98,9.4,light snow
612,mandalgovi,MN,45.7625,106.2708,66.2,40,100,14.76,overcast clouds
613,cololaca,HN,14.3,-88.8833,74.23,88,81,2.68,broken clouds
614,kiunga,PG,-6.1219,141.2906,75.52,93,96,1.16,overcast clouds
615,deer lake,CA,49.1667,-57.4316,63.16,81,100,7.56,overcast clouds
616,grand-santi,GF,4.25,-54.3833,73.74,96,55,2.42,broken clouds
617,miguel pereira,BR,-22.4539,-43.4689,69.69,80,0,5.88,clear sky
618,asau,RO,46.4333,26.4,57.76,97,88,3.98,overcast clouds
619,llaillay,CL,-32.85,-70.9667,63.16,65,100,2.44,overcast clouds
620,sovetskaya gavan,RU,48.9723,140.2878,52.21,69,99,4.23,overcast clouds
621,bara,NG,10.3744,10.7288,81.12,66,62,9.89,broken clouds
622,shirokiy,RU,49.758,129.523,58.39,75,5,5.03,clear sky
623,eyl,SO,7.9803,49.8164,78.04,81,45,19.17,scattered clouds
624,kodinsk,RU,58.6881,99.1844,51.82,43,91,7.87,overcast clouds
625,laki,BG,41.85,24.8167,48.36,81,4,4.74,clear sky
626,champerico,GT,14.3,-91.9167,84.34,73,85,6.87,overcast clouds
627,povenets,RU,62.8487,34.8262,54.9,74,100,0.87,overcast clouds
628,dali,CN,25.7,100.1833,64.38,86,84,2.37,broken clouds
629,inowroclaw,PL,52.7989,18.2639,56.93,94,0,5.44,clear sky
630,candido mendes,BR,-1.4467,-45.7167,75.02,88,15,2.73,few clouds
631,kalamb,IN,19.05,73.95,75.61,74,98,4.16,overcast clouds
632,san juan de la maguana,DO,18.8059,-71.2299,77.09,84,71,3.62,broken clouds
633,khandyga,RU,62.6667,135.6,75.15,39,98,6.64,overcast clouds
634,banff,CA,51.1762,-115.5698,50.49,30,85,11.45,overcast clouds
635,kangaatsiaq,GL,68.3065,-53.4641,39.42,87,70,13.31,broken clouds
636,virginia beach,US,36.8529,-75.978,86.02,79,66,8.25,broken clouds
637,pochutla,MX,15.7432,-96.4661,86.83,66,100,6.35,overcast clouds
638,matola,MZ,-25.9622,32.4589,60.51,84,5,6.76,clear sky
639,salamanca,ES,40.8333,-6.0,57.99,54,15,2.26,few clouds
640,san remo,IT,43.8182,7.7612,68.0,86,41,7.99,scattered clouds
641,tubuala,PA,9.5167,-79.0333,81.34,85,23,5.88,few clouds
642,multan,PK,30.1956,71.4753,89.49,51,20,6.91,smoke
643,stawell,AU,-37.05,142.7667,52.23,94,100,9.4,overcast clouds
644,mogadishu,SO,2.0371,45.3438,78.8,84,88,16.15,overcast clouds
645,senanga,ZM,-16.1167,23.2667,52.32,59,81,7.43,broken clouds
646,ilanskiy,RU,56.2358,96.065,47.55,77,85,10.69,overcast clouds
647,roma,US,43.2128,-75.4557,77.13,73,74,11.18,broken clouds
648,xiamen,CN,24.4798,118.0819,75.25,88,75,4.47,broken clouds
649,keti bandar,PK,24.1447,67.4497,84.45,68,72,10.67,broken clouds
650,botro,CI,7.8525,-5.3106,70.38,96,88,4.34,heavy intensity rain
651,kirakira,SB,-10.4544,161.9205,84.79,66,85,4.74,overcast clouds
652,nambucca heads,AU,-30.65,153.0,60.8,54,17,2.33,few clouds
653,unity,CA,52.4501,-109.1682,58.6,72,86,15.32,overcast clouds
654,iwaki,JP,37.05,140.8833,77.77,84,98,2.53,overcast clouds
655,encarnacion,PY,-27.3333,-55.9,71.74,69,100,7.36,overcast clouds
656,palana,RU,59.1167,159.9667,44.42,88,100,12.17,overcast clouds
657,sarahan,IN,31.5167,77.8,56.41,59,8,6.33,clear sky
658,paamiut,GL,61.994,-49.6678,39.58,94,100,9.71,light rain
659,shaumiani,GE,41.3527,44.7618,58.82,88,0,3.83,clear sky
660,margate,GB,51.3813,1.3862,60.04,86,61,5.44,broken clouds
661,mocuba,MZ,-16.8392,36.9856,59.36,98,78,5.23,broken clouds
662,los llanos de aridane,ES,28.6585,-17.9182,64.15,78,75,15.95,broken clouds
663,ciudad bolivar,VE,8.1222,-63.5497,77.81,86,64,13.56,broken clouds
664,mechelen,BE,51.0276,4.4807,57.36,90,75,1.01,broken clouds
665,port-gentil,GA,-0.7193,8.7815,78.76,89,75,8.05,light rain
666,teya,RU,60.3778,92.6267,42.01,79,86,10.36,overcast clouds
667,mundo nuevo,MX,18.7,-95.5,83.53,73,100,14.23,overcast clouds
668,port keats,AU,-14.25,129.55,74.19,32,73,11.59,broken clouds
669,auki,SB,-8.7676,160.7034,85.57,65,15,2.82,few clouds
670,san andres,CO,12.5847,-81.7006,81.95,80,10,16.91,clear sky
671,hudiksvall,SE,61.729,17.1036,54.5,66,57,2.71,broken clouds
672,ust-kulom,RU,61.6864,53.6902,59.72,62,31,6.2,scattered clouds
673,moindou,NC,-21.6924,165.677,73.35,61,100,15.97,overcast clouds
674,tonj,SS,7.2737,28.6822,71.37,83,91,4.12,overcast clouds
675,teknaf,BD,20.8624,92.3058,82.08,85,97,4.38,overcast clouds
676,shache,CN,38.4167,77.2406,74.07,21,4,7.54,clear sky
677,constantine,DZ,36.365,6.6147,65.91,85,95,3.98,overcast clouds
678,tshela,CD,-4.9833,12.9333,70.77,99,44,0.43,scattered clouds
679,san miguel,SV,13.4833,-88.1833,84.56,68,46,4.76,scattered clouds
680,valdivia,CL,-39.8142,-73.2459,42.89,96,85,1.57,overcast clouds
681,rockland,US,41.1668,-74.0496,88.09,59,97,9.44,overcast clouds
682,teruel,ES,40.6667,-0.6667,55.36,92,100,2.1,moderate rain
683,argelia,CO,2.2556,-77.2488,66.9,98,97,3.2,light rain
684,karauli,IN,26.5,77.0167,86.45,41,69,7.7,broken clouds
685,matara,LK,5.9485,80.5353,77.23,90,32,7.81,scattered clouds
686,necochea,AR,-38.5473,-58.7368,48.94,79,0,10.85,clear sky
687,kolpashevo,RU,58.3131,82.9089,54.88,68,98,8.16,overcast clouds
688,cam ranh,VN,11.9214,109.1591,80.56,78,20,2.91,few clouds
689,mahina,PF,-17.5065,-149.489,83.97,74,20,12.66,few clouds
690,mitchell,US,43.7094,-98.0298,87.55,47,3,16.84,clear sky
691,longview,US,32.5007,-94.7405,82.56,84,75,1.99,moderate rain
692,mamallapuram,IN,12.6264,80.1722,83.05,72,83,2.13,broken clouds
693,tual,ID,-5.6667,132.75,81.16,77,58,18.07,broken clouds
694,dzhebariki-khaya,RU,62.2167,135.8,74.55,41,98,5.5,overcast clouds
695,itaituba,BR,-4.2761,-55.9836,80.06,73,83,2.04,heavy intensity rain
696,china,MX,25.7,-99.2333,94.17,34,0,9.69,clear sky
697,tocopilla,CL,-22.092,-70.1979,63.25,72,12,6.49,few clouds
698,kindu,CD,-2.95,25.95,70.14,86,46,1.43,light rain
699,qeshm,IR,26.9581,56.2719,85.37,89,3,14.85,clear sky
700,pavlodar,KZ,52.3,76.95,42.6,81,0,5.28,clear sky
701,limbang,MY,4.75,115.0,80.71,93,99,2.77,overcast clouds
702,awbari,LY,26.5921,12.7805,80.96,20,0,8.68,clear sky
703,cairns,AU,-16.9167,145.7667,76.1,65,69,13.8,broken clouds
704,inirida,CO,3.8653,-67.9239,75.15,97,35,1.61,scattered clouds
705,talara,PE,-4.5772,-81.2719,67.44,86,100,14.94,overcast clouds
706,sobolevo,RU,54.4299,31.8996,56.05,70,88,5.19,overcast clouds
